a,e,i,f,fuel
42233638.84301899,0.004061976282805816,0.000325992860520298,4.341873764955908,315.2
42277599.3289071,0.0037261547042544353,0.0003719105534238657,4.593598648660436,312.5100650310516
42319976.28118602,0.003716800195060244,0.00016826036654022237,4.858885692132029,309.4752424478531
42366557.40990952,0.003983764263298671,0.0003527946650265742,5.130704104520467,305.2825315594673
42420135.984739654,0.004424202776782618,0.00020353105058299164,5.411521289552909,301.84071877002714
42436031.094676174,0.004758954020463558,0.0005565821630701418,5.446477992128289,299.38415678739545
42448707.19237952,0.005257874708072138,0.0010260339224436527,5.4303853883173545,295.38228099346156
42430007.07368842,0.005071084851520565,0.0005058834237701015,5.345677857694427,292.68072063922875
42436515.52375129,0.005577253568540649,0.0008614618639487367,5.310850855229314,288.7073056459426
42447612.38197048,0.006099684532962317,0.0005509750665906379,5.303495784449396,285.1351383924483
42452795.96426733,0.006623504850849473,0.000287267082752636,5.273884197295117,281.3811720848082
42477972.13447992,0.006856409546634237,0.00021651716556779496,5.357938621738982,279.65384950637804
42482967.807879925,0.007315275286424725,0.00012022540268976571,5.332714628607678,275.95159819126116
42504061.910572805,0.007484089767812262,0.00043430214816556854,5.4014669974232845,273.6737596631049
42546400.91424827,0.008162076069961811,8.791432288950025e-05,5.494859754395133,269.80412029027923
42594747.75159738,0.008942924315673726,0.0005538351288060946,5.590716699265794,265.7912795662878
42615984.81616803,0.009388609447468853,8.140237730126967e-05,5.616184944099494,263.0134189248083
42634805.60609966,0.009698579546754812,4.524936033417892e-05,5.6489550346295605,261.8417133808134
42673025.37263982,0.010409230442713045,5.687477696048306e-05,5.701042459514301,259.82357350438815
42678576.18843122,0.010510582457755983,0.00028981353398400083,5.707677590177976,258.19442734569293
42677285.574164994,0.010765633141160911,0.000807768090135203,5.667144254906259,253.59637501090748
42669801.795879245,0.010635182297495356,0.001326557585703244,5.657381403475164,251.15227244943364
42691696.6554978,0.011220341355872552,0.0011617191949015136,5.66374036514752,248.48248482793554
42693382.77001636,0.011582694761359664,0.0008421888180854243,5.628770433392342,244.35714570134863
42684371.773651205,0.011715216777952866,0.00048806294140826313,5.589373870023666,240.60619336217627
42687143.208473675,0.012157003639460361,0.0009107928230738371,5.559019448662117,236.09660755246864
42680039.15868973,0.012390563441537895,0.0003956777331818188,5.523943660425222,231.7419792756437
42682958.38518981,0.012875373487835661,0.00045754177789400355,5.498456733182434,228.3710242345928
42684636.73764802,0.01332424433548024,0.0004564643211319088,5.476022802588072,225.39586578160512
42685153.4965053,0.013724940253398875,0.0005651545304091047,5.456962035557021,222.35337959080923
42690425.068693966,0.014138757157568465,0.0010807799644636652,5.449680769988631,218.44360399991263
42724513.595395595,0.014609942518232912,0.0009148345979595123,5.502640593972097,216.07307029515493
42774037.18035447,0.015447848116804707,0.0005041570950504346,5.562012792245705,212.25697031766165
42836692.863038614,0.01644800825882472,0.00016738763508152086,5.635177570139114,207.9413009479641
42877836.85620842,0.017269561684133697,0.0003996395539047798,5.669379020774914,204.36933869868508
42926257.9835342,0.018040690820256246,0.0008366681650350042,5.722755477857853,200.56530541926614
42985660.354265876,0.019089638136909202,0.0008415260102143846,5.775331746535291,197.65882529690853
42999266.66236725,0.019575500938431543,0.0013562609046090456,5.7669448649197035,193.20798654034726
43004002.28179707,0.01992778761385854,0.0018721605170132572,5.751154595719169,188.52118491604918
43011295.81086997,0.02035624510524137,0.002357292583184484,5.736471610309968,183.81728701069946
43018596.81080336,0.020798013474944116,0.0025917703394344304,5.7225012547840794,179.89018508866425
43025918.195549004,0.021252756197399202,0.002637736167834558,5.709236499881426,176.5471372194588
43037308.84292867,0.021766580365667504,0.002883803302035988,5.701097473613506,172.7956152386963
43050656.91649971,0.022309434969549607,0.002367232713617232,5.6956278043348565,168.314315290004
43063360.320296034,0.02284817784916222,0.002488384687519456,5.690051455273661,165.03949019387363
43057738.411011145,0.023006904237808483,0.003004487798549621,5.677507388144763,160.96014338210225
43064041.257989064,0.023477689438335936,0.00248852334456625,5.666956816141246,156.22951601222158
43071916.14413947,0.02399487473480018,0.0019728998721133344,5.6573757310953265,151.43577531054618
43080111.074238986,0.024527694951984088,0.0014579662123920564,5.648482049838937,146.63577531054617
43089251.71222175,0.025009573547031046,0.0009446369741164191,5.644821641339388,142.38218033984305
43103531.349856056,0.025619066644763117,0.00043816281636951406,5.642530403824738,137.88420122340324
43086949.426092476,0.025580184510514577,0.0001552903823551098,5.6292421977868825,134.21688221171502
43095969.20115976,0.02615467780741528,0.0003683759439809054,5.622361621629232,130.2349223800004
43105234.5574139,0.026740347619230068,0.0008717243417375311,5.616074179817088,125.4349223800004
43169119.40518123,0.027868342231341214,0.0013831075646869467,5.659112484321763,120.91631910279398
43213730.230391644,0.028573151254098837,0.001780488452214254,5.695204885177898,117.68320021107797
42233638.84301899,0.004061976282805816,0.000325992860520298,4.341873764955908,315.2
42278879.38905531,0.003805341836756589,0.0001402122457521371,4.604321054339749,311.18565354347226
42289073.263225265,0.004276449543597342,0.0003810651803695424,4.671312488811088,306.99045457839964
42288320.04838922,0.004923488308629155,0.0007368412159760352,4.674069562368677,302.69842059612273
42307301.07032957,0.005295499181083871,0.0009385684097617472,4.763794283583064,299.99029258489605
42305386.545873754,0.005754886313627745,0.0014597020132703837,4.75528671290337,296.00903385877604
42292273.46822562,0.006289526508484792,0.0012586332854198341,4.707196477059813,292.75445803403846
42293788.42467927,0.006914385310317304,0.0016085251469865234,4.718692853730702,288.63916372060766
42280076.466850415,0.007362698799183706,0.0010879081553124585,4.6813246949299465,284.8706254482268
42323793.24500316,0.007437191404633741,0.0012254582971328578,4.827833675651227,281.91019914150223
42377539.61961835,0.007523458240775804,0.0007053529669889217,5.004738651431442,277.2290565013884
42434780.13543312,0.00786791866316168,0.00026037549959185684,5.180175145782643,272.64338941574084
42462323.61758855,0.007768202569664648,0.00027902844639557964,5.286465448428544,269.26821291446674
42521246.70524173,0.008436156865865055,0.000792815967537908,5.439568840481005,264.46821291446673
42581130.64823184,0.009261390396303443,0.0008834128972136444,5.570154341454396,260.9867453575133
42583483.209868975,0.009675063713889981,0.0011635001095539738,5.53033982024999,256.9223456263541
42585670.24012116,0.01011204789813347,0.0012964265522276866,5.493915815899259,253.31240919828406
42577947.49388128,0.010347904674539322,0.0018157059165229109,5.450791669044922,248.9653380751609
42590766.45540904,0.010882316871384396,0.002311135834548725,5.4470051349357265,244.83586941957466
42595500.47598423,0.011383988800552214,0.0028302203999350122,5.425003938591815,240.18575314283365
42597463.002645634,0.011888508890648216,0.003349334250558616,5.3990553157864065,235.38575314283364
42602895.06533503,0.012421048717094867,0.0038682169487796836,5.383226715750219,230.78023294210428
42621391.07931106,0.012986021472011184,0.004386295517473249,5.39755955333202,227.01181542873377
42629432.340646245,0.013536941680358938,0.00490467720062675,5.388879493455018,222.53662495613094
42631618.55179483,0.014076813297025342,0.005423234203529136,5.370024019259359,217.73662495613092
42627986.90816286,0.014508745357310537,0.005179025160737426,5.3476454050288575,214.03093042373652
42636404.27953747,0.014714740087814133,0.005682380262312476,5.362327529670422,211.61987819671626
42693631.49503296,0.015479801333919517,0.006176472194690052,5.442663440655155,207.07313756942744
42748700.52324969,0.016303887659674856,0.006689923387575001,5.511330025703183,202.64311132431027
42736223.97171572,0.016432797211973386,0.006219320531856767,5.485332085175694,198.7127877473831
42750151.6201046,0.01700626455559471,0.00571633598623852,5.485820501644588,194.52999522686002
42768609.68697747,0.01731301732792345,0.005466445165640149,5.510651929264226,192.79096826314924
42816149.31331368,0.018132911660498314,0.004948324870598762,5.558748529082759,188.82553256750106
42810962.269449,0.01835792142360329,0.004757180283269884,5.541925275641209,185.6930836558342
42823854.55224745,0.018921353805825214,0.004243339531507085,5.539426199028249,181.33080607652664
42814618.197806574,0.018952055156084734,0.0037320847377739436,5.528698509411582,178.11974068880082
42822147.533577025,0.019490888724654702,0.00366368542835074,5.5195679875250185,174.82908152341844
42841245.43868749,0.02011785231660906,0.0031550620360056942,5.526142008402817,170.78355047702792
42831244.34111281,0.02029543871521412,0.002704920580099434,5.508521135235696,166.85492485761645
42850689.36945423,0.02092724696188327,0.0023093250544055453,5.5161779814992355,163.18949764966968
42863337.000565335,0.021523599170258166,0.002304865462926026,5.514855028120508,160.33585163354877
42895688.029286616,0.022264639974090727,0.0020135302898409055,5.5367601490299805,157.60446439981465
42938018.04849379,0.023012761025271604,0.0015446067114424547,5.572405932419097,154.0378066182137
42962047.84147861,0.023635267248238456,0.0011155213735969493,5.585175884355368,150.5161580562592
43006006.34633495,0.024498550455778773,0.0008007145332115112,5.6149135192504165,146.9764268994332
43054712.15946277,0.025355803553317492,0.0009914564278959636,5.650756992683757,143.71076613664633
43062875.294751056,0.02584770500681666,0.0007527908819687055,5.643702925912845,138.9785147786141
43066140.78794167,0.02623070938817644,0.000828150333558717,5.635964716848488,134.47254780530938
43068279.04171849,0.02659439568225469,0.0007543090331770543,5.628338186952724,130.9527855515481
43058921.64619728,0.02669583891231626,0.0010033123817028869,5.618257357170657,127.02084492445
43064649.576492324,0.02699148511871444,0.0008736054912303475,5.620176814163687,124.54954760074624
43075259.75434848,0.027568006612244792,0.0009021540576591669,5.615362383076137,121.19339123964318
43095484.12447917,0.028242538647317326,0.0012778960256464,5.619299175461687,116.89509912729271
43113087.06501456,0.028895067739733965,0.001352047583048224,5.6208621793688,113.75761507749566
43089610.06865165,0.02854670647674668,0.0011290488974533555,5.615260742541164,111.44812904596337
43117879.75206784,0.029308886770106537,0.0009557917248092008,5.625875494234432,108.40481729507455
43185833.819028035,0.030424655133470622,0.0007175499370723734,5.6706893361940285,103.8964584827424
42215709.54587246,0.0044635392403625015,0.0003260608860433982,4.2749313162184635,316.0152217626572
42253590.29528536,0.0038891968185749437,0.0008473853989811233,4.452506622663504,312.0846933245659
42310213.84891399,0.0036040117481089314,0.0008661674985206551,4.802071188861036,308.8253895044327
42363870.0183508,0.0037438345232275105,0.0005959293295737196,5.142808990116651,304.989226937294
42395026.07328728,0.004234027214762913,0.0004418042614384159,5.277471101818495,302.81184904277325
42428808.07646841,0.004407880373062907,0.0006628253444117684,5.469209821012396,300.12216483056545
42427767.50417127,0.004753873687909394,0.001183105785485286,5.387823007555005,295.6977170795202
42423310.98191702,0.005123014347336626,0.0006631581314878471,5.302162340007182,291.1420257657766
42423841.45952386,0.005639868537844284,0.00014715024577560036,5.243174819974224,286.3420257657766
42410601.51807207,0.00592299848420416,0.0003816555150872848,5.15729528380029,282.17537790238856
42415221.76346326,0.00648113072884545,0.0006174249440251402,5.137427799722165,278.502032777667
42444814.27415194,0.006961392340435085,0.001137144800367972,5.220483669526486,275.2519422024488
42443947.3197781,0.007500829913924374,0.001628161297087811,5.181635606277767,270.59383458793155
42444034.878594555,0.00807979477499867,0.002148488944851769,5.150921152273133,265.79383458793154
42443979.27235122,0.008673857856113562,0.0026688104685529223,5.1248949343158765,260.99383458793153
42463847.11893504,0.00902216390346784,0.003116251345199759,5.171568040888889,258.4239944547414
42491444.668711536,0.009559061731169818,0.002746399735167018,5.226392012242445,255.6222012013196
42549883.636441186,0.010168787045524085,0.003264017395494865,5.357803941709823,250.8222012013196
42592026.52144662,0.010660504792492543,0.003240721997525147,5.446412720605429,248.41338319480408
42650662.3257454,0.011466830292218082,0.003757273669428373,5.552010920967498,243.68862878978243
42696267.008791424,0.012035641045188604,0.004244765949268923,5.637656748116594,239.69777991473666
42716951.945310995,0.012045285942900563,0.004101407918502585,5.707060733417114,237.36850909888736
42764311.657814436,0.012928863445449298,0.003862924474720228,5.758654627812476,234.26572967469684
42805093.164806515,0.013497073627606207,0.003850389342346968,5.8272206371159525,232.0653936892747
42800374.68767508,0.013566768486605424,0.004023125334260501,5.796819455798208,228.7801949054002
42797759.42119878,0.013715197079788884,0.0035069889794981665,5.766824578691808,224.31352813541884
42802337.10817497,0.014065270563346917,0.0029914562624620334,5.739326554680436,219.51352813541882
42796159.70236426,0.01417395155936667,0.0025067575120610777,5.709842332571664,215.29084079563611
42798433.15888902,0.01428410972852307,0.0019951423391341987,5.707432425959661,212.33407594263548
42809492.683667205,0.014753003839166017,0.0014888527300709604,5.69338361639321,207.89057129919524
42814060.31660728,0.015161954222711299,0.0011119047829198107,5.669845857250953,203.47271238863465
42830079.27835707,0.01570773592204423,0.0006504933589337325,5.66585263378655,199.2960780650377
42834830.025896214,0.016142886948806574,0.0011107071738664866,5.645008232304927,194.4960780650377
42865671.86544979,0.016856870591311437,0.0006528600034960256,5.664275382136962,191.11544106304643
42863408.86442186,0.017126651194572618,0.00039756483278587606,5.643069148037505,186.64829280674456
42879105.89307705,0.01762123234793996,0.0006542975497579075,5.645873670289482,182.9366854339838
42880049.84408305,0.017983529467845965,0.0011117764993050572,5.627429875270556,178.3347320944071
42893969.36917404,0.01854539925791845,0.0010138019486216957,5.6231793894409945,175.27847379744054
42906059.748108394,0.019095982337343897,0.0012411017621915999,5.616884785588606,171.6875729829073
42911695.9718452,0.019594218507136277,0.0013089433668488576,5.6027970460002345,168.2672376185656
42916716.33234103,0.02008926604556857,0.001781158510585277,5.589407645414474,163.5951956301928
42904947.024420425,0.020202394007069656,0.00229042090720975,5.570545324177743,159.58744111359124
42921528.33263991,0.020828804590814702,0.0027595430038200907,5.572102990694955,155.50274079144006
42934631.91648786,0.021430416820042795,0.0032728072748738775,5.569530367925051,151.07949755489832
42987823.44062081,0.022273246339100813,0.003747644629668144,5.6194680743775685,146.99141154587275
43039884.91008661,0.023242717983343496,0.003549738385873828,5.657962198268638,143.9621456891299
43107661.88498905,0.02441048106484063,0.0038322485918458387,5.708760175526792,139.87533669769772
43144966.377391666,0.02494216581508262,0.0038147648954431814,5.746394429491696,138.09367995560177
43184609.44519102,0.02580001776129684,0.0032987925993898043,5.76478345648575,134.8799487143756
43255362.83799838,0.02707937441780999,0.0027866443567799333,5.808294560176567,130.09298422634612
43301968.07945873,0.02783654814468072,0.002594155572478595,5.844066992291582,127.47236802876006
43314917.996592104,0.02830497878748036,0.0028791675773569858,5.837124402641465,123.38359089195738
43335958.86260153,0.028896946296363774,0.002364888069168895,5.836680641997439,119.01175225079069
43350776.766709544,0.029404654955880842,0.001850990568094831,5.831586168847424,114.29161553680906
43340333.8451448,0.029255899607994556,0.0017275285568906298,5.8293150731416254,112.43211083710203
43354339.309697635,0.02976587457996215,0.001213788455018348,5.82363894238363,107.64852342903623
43309677.15242819,0.028761023049176503,0.0007924956230569657,5.822453762138151,103.87160203754911
43256366.32200063,0.02762121419032249,0.0002801224286630571,5.8149407791722565,99.36049545109282
43224980.31257219,0.027061786114255523,0.0005171903405197826,5.804794940993497,96.63765087425719
43181666.09429299,0.026199700212091833,0.0005800888108222726,5.794691820441512,93.95745125114928
43159230.52852743,0.02573496475003479,0.00045745977440961067,5.794183311520025,92.11633142530928
43122893.89831034,0.025080301150809444,5.39291140279695e-05,5.781279941453188,88.64726065695297
43099706.16255002,0.02475740144999521,0.00016921808141186524,5.768919507077027,86.6633457094432
43060483.845397495,0.024006155178918617,0.000347498261967829,5.757649773884956,82.77831880152237
42233638.84301899,0.004061976282805816,0.000325992860520298,4.341873764955908,315.3525921583176
42289993.28466762,0.00362790361739993,0.000847030562055164,4.670807866818908,310.55259215831757
42311646.11463132,0.00396356884561561,0.0011816821085714193,4.800098947118189,307.5539546251297
42356204.748097844,0.004029299519534238,0.0006603518241632208,5.062141222368319,303.40238635540004
42366582.64570207,0.0035068051782269796,0.0006862265945358587,5.185207347836866,301.0922383785247
42418188.208849885,0.004088104410882076,0.00017683103727200117,5.457559171535643,296.69779739379874
42419196.51779855,0.0045367112352536565,7.835086812386455e-05,5.3676664693947576,292.73631682395927
42424103.46087429,0.005030114265775024,0.0005944623501396806,5.317046262551134,288.1642256498336
42417070.68272354,0.00538688412673424,0.0007990686423627385,5.23427261468119,284.69163761138907
42417398.80245605,0.005931594863819045,0.0009939728100992451,5.184138954995429,280.89249267578117
42423018.42475463,0.0062325058696939845,0.0014402158086691855,5.185201810660216,277.81068422794334
42420086.670519575,0.006605588806210817,0.001960819772360048,5.147931290783244,273.8032294988631
42420116.9087554,0.007189983420953026,0.002481356515138128,5.114636349623922,269.0032294988631
42442939.512964204,0.007706372382517868,0.003001051109046736,5.1671508220881055,265.47335575819005
42479492.83176956,0.008228373828449003,0.002479812462414196,5.258954975510036,261.84382680654517
42523889.52346596,0.00882528172323259,0.0025040794086782694,5.363188207412842,259.3386221528052
42551783.87646848,0.009189023001134892,0.0019841044976801545,5.427471580589979,256.1387497425078
42604706.35473734,0.00995875593352523,0.0014646079622484686,5.5319443572920814,251.70335907936084
42658330.48884026,0.010813796469423763,0.0009472646238957113,5.622181082878657,247.2776608467101
42714580.45748846,0.011759774170557053,0.0004375592723986887,5.704128330347162,242.7574887752532
42771027.522683844,0.012692258412390677,0.00041849063679539434,5.783421790932617,239.76697124242773
42810183.57131128,0.013354600235201198,0.00046833650985316535,5.833264952988354,237.60726825594892
42822011.97937328,0.01375729560577298,0.0006812641808685018,5.815501109475175,234.1117288529872
42855304.58088204,0.014389742114720694,0.0006066907172787463,5.845073669874345,232.26505846381178
42858574.919739224,0.014524134665826742,0.0002853870526018083,5.835231901717685,229.28738254904738
42852980.84728259,0.014448700158518289,0.00030595823773663214,5.824139355627857,226.14462634921065
42883134.819037534,0.015127761769120776,0.00021155520123210394,5.8356905215464705,223.94311564564697
42920369.95074609,0.01587146418215888,0.0002957979458075419,5.861956039220085,221.88037442564956
42929162.17817032,0.016230247030678508,0.0006953155347003437,5.842411786805001,217.5346738278865
42920514.41093721,0.015979960601873143,0.0006123397076030732,5.846595991988332,216.8024843811988
42942278.64241164,0.016542386764344844,0.0011233182577328929,5.845009173855335,212.85098305940622
42957940.18642228,0.017018963719074125,0.0010932819999792465,5.835668710895415,210.06948286294931
42961421.942134,0.017133561015216167,0.001398627992958038,5.833954962250372,207.6432664394378
42970120.11987203,0.017444725436975395,0.00178656708197855,5.825147965884999,204.10335016250605
43002957.06443199,0.018185009617539112,0.0018063006282290472,5.838200898489727,202.25851381719107
43052826.115579784,0.019180777724766916,0.0016135314473079408,5.8699661498890405,199.35642448365684
43088089.50679881,0.019955727630431692,0.0016098289382617422,5.883069765823651,197.6291572719812
43089485.38942577,0.020106346175850803,0.0017108506045422672,5.871240195695703,194.86452516615387
43103144.73532653,0.020549337428851806,0.00119445503179517,5.862062945967917,190.4582903295755
43140849.485245116,0.021175919434445932,0.001062139034468639,5.898919614697231,188.27959578335282
43194094.85580646,0.022173097562038287,0.001141385190396074,5.935617638706871,185.5917468577623
43261936.46821985,0.023496348991645266,0.001288792705290491,5.973250762022399,182.0504524260759
43311079.71895535,0.024500780752255338,0.001381400678017852,5.9922590634499,179.7299639970064
43351910.7462389,0.025357116730927717,0.0009811745928749486,6.003592645139051,176.84321940243242
43409166.02750307,0.026506994283030605,0.00046605712819993957,6.026072024293235,172.85874222815036
43426542.41943099,0.02693295681976062,0.0001542547192238837,6.019427380927414,168.93283827602863
43425608.037111074,0.02695084566412896,0.00036161339510984094,6.011842911561578,164.81495741903782
43416467.10022377,0.02678676058966022,0.00041695613662572463,6.004263153228148,162.4071911007166
43434043.20982863,0.027244143044099292,0.0008163013859696121,5.997782516090307,158.21477219164373
43466190.22004725,0.02796391959691489,0.001330415586037131,6.001611080355541,154.41692228615287
43463513.61298213,0.027946911491454122,0.0013562898599204021,5.99674922106369,152.18580187857154
43476676.91138033,0.028340908585756264,0.0018704397960048447,5.987728448457375,147.40190953314308
43505730.82784709,0.028929623257961116,0.0023840121364803527,5.999962442684244,144.7562813803554
43524278.030309066,0.029264782236405922,0.002897576847279626,6.012980323445485,142.5736118242145
43550875.14487946,0.029771598291614534,0.003127260439213062,6.027359301326492,141.05485653728252
43566164.85468722,0.03019255338128571,0.003640535000294498,6.019426562238434,136.2548565372825
43573331.15317448,0.03042765512523015,0.0039329527299546965,6.012669225538744,132.5245503291488
43569451.46487193,0.03040955608137264,0.004446742092476119,6.006805199973294,128.56993526071315
43567225.08015514,0.030439528991167867,0.00486670660624098,6.000673416835661,124.83673115819698
42233634.38366747,0.004062013993854447,0.0,4.341849390603737,316.62297159433365
42289974.53604631,0.0036279276902152434,0.0005212477804169227,4.670685814607352,311.82297159433364
42296949.65583865,0.004157582185255956,0.0006620265594556483,4.713363588067793,308.6063796639442
42300616.296969995,0.004739884729176903,0.0002652870801552528,4.731686723698554,304.4289832711219
42261212.47507402,0.005004637263219481,0.0007572020551118713,4.546162368376844,301.13093274831766
42312411.80531845,0.004745613423013074,0.0006011029882823224,4.794498013697683,297.68752464056007
42361374.56275505,0.004730967860360365,8.218313815751124e-05,5.044058253616569,293.26503206491464
42419232.199240945,0.005158019737914788,0.0004415432220976943,5.306512847193897,288.4650320649146
42426023.32493413,0.005560853674655531,0.0004159461280421662,5.2895974346451835,286.07927604913704
42426632.24060438,0.006082927558684613,0.000770324145744643,5.2369076139421855,281.7894179940223
42426991.82220609,0.006627879975965717,0.0004011525344699248,5.1929528774670635,277.4542215466499
42427164.80013808,0.007192642657563194,0.00021983748048704955,5.156245531171419,273.69662975072856
42422530.56079787,0.007690360350119343,0.00037620914965834574,5.114856117996811,270.23147274255746
42438640.749466,0.008225549869298644,0.0005764919894294464,5.142635548357314,267.3185769081115
42443581.12765091,0.008801319685873844,0.0009142110664209622,5.133055100650167,263.35858809947956
42446354.69632918,0.00877470575663268,0.00039404215305236537,5.149440484609278,261.34183313846574
42482602.70255259,0.0088467322850733,0.00012681210717832315,5.2606644104097295,257.5456791639327
42516953.04922943,0.008955125437469832,0.0006461195641333719,5.366607234888607,253.8732179403304
42576460.609313756,0.00971371883940925,0.0011650421662856953,5.496428041558923,249.07321794033038
42637002.64570992,0.010603222572012167,0.0016832664273584035,5.608181604380144,244.27321794033037
42639915.72516965,0.011012672640353499,0.0022022398586319714,5.5736244453137695,239.47321794033036
42651199.929574706,0.011508718955217347,0.002131870302712165,5.560930090059347,236.52695488929734
42666700.306412555,0.01203239541447453,0.0016957750238949616,5.559916912002672,232.7678987383841
42669465.64602521,0.012476513957576749,0.0011774857927928277,5.531721934217187,227.9678987383841
42648174.60507483,0.012385917511866577,0.0007279956172747466,5.487397576506315,224.47687271833405
42654221.16988299,0.01289302281970542,0.0002727491009612184,5.469795287261656,220.04971331357942
42617656.38123438,0.012519100142279704,0.00016048121568969448,5.41314569897173,217.0113649010657
42608242.648203984,0.012705127160427265,8.359456606073488e-05,5.385680222802449,214.25939472913728
42618022.45825618,0.013271700164442868,0.000147494446360141,5.380754461584564,211.21310054063784
42620138.35699537,0.01382126873133015,0.0003985119154374079,5.361633152773611,206.41310054063783
42638845.488717906,0.01442944611378265,0.0006901389010737167,5.375484156601166,203.2180182576178
42699106.22055706,0.015220104500384706,0.0006444720453089144,5.462202808130355,199.89716379642473
42747710.61484902,0.01580483589266981,0.0004875189784680375,5.534538556243244,196.8122886240481
42797871.79777176,0.01665911910532428,6.749517604112252e-05,5.589050085846805,192.70346131920803
42851729.4319109,0.017582425090727327,0.00020419793432570557,5.643319896289588,189.5415174305438
42898219.90699139,0.01821812118564421,0.0007145461721581318,5.701714753234332,185.56928263306608
42963396.41174073,0.019346220250550116,0.0012293569398339427,5.759451138869369,180.80884781479827
43030554.59677648,0.020539821897116322,0.0017439841701160285,5.812866585282413,176.00884781479826
43059039.88481422,0.02120344842787772,0.002259051572253978,5.820409796767862,172.27520152926436
43077064.59383881,0.021719605814447755,0.0017435643579363398,5.81687768560899,167.9718089282512
43076540.2638,0.02188437291567531,0.0018421662286887052,5.8033791583836605,164.8926532685756
43069694.615874946,0.02181835397267327,0.0013282809275231063,5.797084396526637,161.6174413621425
43101773.31705808,0.022549402139886165,0.0010011789475031527,5.8082811409364625,158.6298418939113
43120458.95282989,0.023095571598381517,0.0007199260115508737,5.805790268331917,155.03603940606112
43136033.879752524,0.023604334881400853,0.0004713080221361707,5.800457263712496,151.34928383231158
43158834.6022825,0.024218199993603577,0.0002460856470678411,5.802171693960118,148.04770080447193
43168885.15978372,0.02466014025003451,0.0001869852875349042,5.792291067044092,144.5838967621326
43191924.684354015,0.025288572063384637,0.0006357958983876,5.7943896576279075,140.45799111723898
43202687.17227887,0.025755713218323744,0.0011413701778686032,5.785575931309924,135.65799111723896
43212167.83260966,0.026176051403420747,0.0016522588077637734,5.778792778923418,131.13810369372365
43223450.85445613,0.026669234812156703,0.002032890544537738,5.771011289726215,126.75776862502096
43244558.57258566,0.02729782661450034,0.002001288752763059,5.771892493442003,123.98583950400351
43267545.12398198,0.027890645150452677,0.002512995618577388,5.778485321324701,120.35381905436515
43288210.02229836,0.028518183340375453,0.003025026933275806,5.778786369843056,116.00443086028098
43300638.702987306,0.02904175542091147,0.0030640287302007895,5.772649630138181,112.68184985518454
43313207.25785965,0.029575158044984395,0.002730947067657027,5.766888996731653,108.44117957949636
43295569.60973063,0.029391696873017074,0.002725024019242802,5.758314561024715,106.55777737498282
43308466.993508264,0.02994752685946369,0.002499188429845847,5.753004588911765,102.65020831227301
43303729.25176033,0.029859878518019835,0.0030093645816796507,5.759338660560905,100.44597457051276
43325277.82512841,0.030531288337550384,0.003519454877367506,5.760533172863399,96.07072628140449
43313726.18421961,0.03050214424355639,0.003448978714672285,5.753338342814048,93.76285037398338
43327684.91613428,0.03108939838351111,0.002939275477724154,5.748937958787329,88.96285037398339
42215709.54587246,0.0044635392403625015,0.0003260608860433982,4.2749313162184635,316.3515393614769
42257676.20305106,0.0041888866823344756,0.0005773590387775027,4.496056464994342,313.1595631957054
42300406.07928717,0.0037917146869848725,0.0010108967994696813,4.7389274432359265,309.2783780455589
42306697.91100966,0.004338007054324011,0.0005404746645449381,4.768134552350945,305.0103164315223
42306088.25794204,0.004978191183578561,6.411493833036243e-05,4.75884035021434,300.34089087247844
42298847.83573953,0.00555982129007326,0.0004600722231866641,4.726094695852723,295.8421328425407
42296453.521220855,0.006166846350278167,0.0006989427253984675,4.719993919494655,292.12810716629025
42343997.57380365,0.0060441190972972516,0.0011517371774822085,4.911582897066981,287.94406795501703
42401077.9926816,0.006288835657272896,0.0014177248005270364,5.130872493939455,283.92419193983073
42452502.823122814,0.006652298170176799,0.001460946233627609,5.314673148836636,280.89404762983315
42451711.01387157,0.007056534048325307,0.0019811941776168665,5.273794072631102,276.56957629919043
42510380.91193621,0.007714781157842644,0.0021139417289426803,5.440796907571469,272.95699038505546
42511644.33045655,0.008182865084251974,0.0018669106649594326,5.3965206036110365,268.9962087988853
42534124.78638607,0.008749588970283592,0.0013472095590230516,5.423488279600787,265.3743688464164
42553050.35221894,0.0093059991707034,0.0015644559111667078,5.437224664742222,262.47034516334526
42535937.6257609,0.00937840396479127,0.001298879703549653,5.378682344858139,259.30615257024755
42513537.78679864,0.009369463634879295,0.0007817253928670495,5.31484605370107,255.68308271169653
42494271.788364746,0.009495975820470874,0.00045384568263821546,5.255078294135667,252.3909107208251
42494870.66013164,0.010061074590723943,0.00011167619466297711,5.229247504040049,247.69181408882133
42498310.80284302,0.010444320596176919,0.00020934466973798987,5.224274226616329,245.17048414945594
42538173.38141873,0.010930367436098322,0.0003697422977143541,5.305849910458664,242.4277400016784
42585971.45089617,0.011448572725883182,0.00019008141270807766,5.40214273100121,238.19090621471398
42617007.759149246,0.011674427276668752,0.00017382024819895955,5.474020160370497,235.43853812217705
42669337.72047013,0.012406844011367654,0.0003298579991817676,5.560821081895721,231.2501510858535
42731183.39356894,0.01336990555794013,0.00028738211179671195,5.648397447283494,227.91216096878046
42780578.80348701,0.01425665095174904,0.0005003683443872774,5.702710021566048,224.7629517912864
42830136.91860584,0.015003550611766716,0.001011964033928625,5.769933383672221,220.60995404720302
42858409.036690876,0.015482395035837987,0.000916778154606793,5.801082414857392,218.94896202087398
42873630.834083624,0.015950726149663468,0.0012240585299573858,5.791783487356182,215.29426200389858
42901256.55671648,0.01658838413048278,0.001693153028179684,5.801114922823422,211.85775620937343
42905645.530539885,0.016797822854824722,0.001178550196978237,5.790895245838299,208.01728758811947
42884002.95287872,0.016477070602655,0.0007235842991238672,5.76562508184306,204.65205168724057
42890057.94112746,0.016858435062588658,0.00028252895927452466,5.745170942439613,199.99649899005888
42896101.86098862,0.017256582304134488,0.00024349119798969365,5.725705252512101,196.6455824136734
42888872.17392591,0.017289058857393496,0.0003676616729328902,5.709007795119032,192.9089179635048
42893158.687090315,0.017675225688387735,0.000864379400575071,5.690368850717243,188.18625425100328
42893689.12947075,0.017986751316827733,0.0004780290953975638,5.67149511153717,184.00156320333483
42913285.78819718,0.0185880240290595,0.0003599727296058043,5.6732235305333685,181.15023998022082
42919482.352993794,0.01905078009059375,0.0003998596901677029,5.657718828039869,177.81655296087268
42931321.771840274,0.01958398897272339,0.00020057498095651125,5.650241600679882,173.31970502138142
42922472.82728078,0.019707819473840694,0.0004930743343780804,5.631717807148323,169.78209975957876
42966867.71430294,0.020307566180095316,0.0006226139789353212,5.684693001825994,167.11698460578924
43019620.831150085,0.021301642201198824,0.0008836798159181499,5.72387921113414,163.84013786315924
43087389.0545358,0.022506350558779815,0.001321242851977627,5.775089694156578,159.26633567810066
43156464.75273799,0.023761507596836644,0.0014620233354415114,5.822242168556319,155.6230112314225
43166780.0283842,0.02419573896173343,0.0019745249448867245,5.8117597937101495,150.8230112314225
43169831.939398855,0.024464119654304093,0.0023397685542252476,5.801092218150421,146.81092605590828
43163591.846582256,0.0245181450887461,0.0028536619243202366,5.78976641535014,142.75398119688043
43174162.54014196,0.02499068621776756,0.0033672805737446645,5.78030179157737,137.95398119688042
43184901.96823922,0.025476195782016976,0.003880880442537242,5.771357517476481,133.1539811968804
43195824.72088288,0.02597448400062969,0.004394380792867317,5.762930026510326,128.3539811968804
43196860.45997797,0.02624338446477564,0.004670801475786817,5.7537022250591905,124.73394122123725
43208110.44312558,0.026766171436630085,0.005183940714906689,5.746127136271848,119.93394122123725
43224966.10238684,0.027367177184135182,0.005696514754983769,5.743677183652759,115.42086853981024
43254330.41002875,0.028127717027746066,0.006000633813153963,5.751823077984217,112.20857702493674
43264396.041461416,0.028625030144422282,0.005840232287469622,5.745368034764316,108.59309936761863
43203897.759890676,0.02744172486648135,0.005884086300051247,5.729870312178453,105.26779502630241
42233638.84301899,0.004061976282805816,0.000325992860520298,4.341873764955908,315.41120581626893
42274522.779370606,0.003518486755630319,0.0002803579396810375,4.5649773530286435,312.80106698274614
42272027.91018778,0.00414687965635682,0.0008017198574912135,4.571060913749192,308.0905236363411
42271144.45113127,0.00479486381831929,0.0009712975353194963,4.586692122818917,304.3701920151711
42315678.463142015,0.004659553316658483,0.0013811884522735263,4.81019771094443,300.5259487271309
42351647.89999273,0.004702178908662982,0.0016886102959970566,4.992633252682079,297.46660103797916
42395007.07125353,0.005019406664102518,0.001811560149777544,5.1911103203988835,294.65156855583194
42438111.70313373,0.005553812964014484,0.0012906803169717477,5.3510478814966795,290.68514109849934
42445954.00926903,0.006059468674315256,0.000771338701700746,5.325193089520511,286.2775283455849
42446602.06685003,0.006569837445946308,0.00025717335010173235,5.274493172332184,281.4775283455849
42448964.956340596,0.007061426710683126,0.000275788898436526,5.242236560680594,278.52623285055165
42449293.05813864,0.007611507326610893,0.00041223098147218773,5.204905896469327,274.89701896905905
42480591.90330977,0.008149470719819078,0.00013671214230406633,5.277024593985972,271.57653823047883
42539194.88098453,0.008810700103107133,0.0006391581069836894,5.424065241763656,266.7765382304788
42594846.034373,0.00953135425488378,0.00042367164733105966,5.547198917727011,263.08840912729505
42617980.98992284,0.010117345114919973,0.00012039964987771459,5.563846725571277,259.44567178636794
42612615.41735984,0.010366146956073284,0.0005501921410194726,5.521376646875923,255.22072960287338
42612030.17050582,0.010756575014750318,0.00100642185308565,5.485530426239467,250.7294129505754
42617613.03246851,0.01124878114476778,0.0015245770858860704,5.463529998228411,246.13017007261521
42665825.503066435,0.011825403954671637,0.002041955331309348,5.556039326685294,241.88788367658861
42720090.36465104,0.012710151831451424,0.002558744880330743,5.633054583919565,237.4731201544405
42782354.804982185,0.01373841392709959,0.0029577125181441586,5.713884942230073,233.03457366377125
42787566.849593796,0.014116237413166739,0.0024403446739985394,5.689912059492193,228.34377778917562
42791657.621864125,0.014506694592740715,0.0024279545060916664,5.664784188957221,225.1052518501879
42792968.58321422,0.014849393471003525,0.002933387859255789,5.639999404148664,220.46987220197929
42765930.37470348,0.014536633173600016,0.0024176658477384756,5.603063387247314,217.07406283766045
42754215.71051146,0.014483948870967402,0.0026198115267993495,5.583630437726772,214.84450353533043
42740249.50144847,0.014531425486189202,0.002603173768055977,5.551830760553215,212.39179054647698
42742679.18806876,0.014783913714703657,0.00311933879059689,5.544934133040088,208.91687488704935
42804998.56737444,0.015759595738615715,0.0031494531199053387,5.6216948785894445,205.61654036194102
42853866.89987821,0.016651996355029963,0.0035260340248040585,5.669327244101964,202.03889788538234
42918071.25951298,0.017747922288841415,0.003008987153574836,5.733007727641841,197.23889788538233
42932821.47378088,0.017804466696815194,0.0029425529223443326,5.76890622084992,195.9948649063708
42994896.3624034,0.01893774612135402,0.002428905828192508,5.8198659930771885,191.4054858818652
43045831.68562366,0.019843712763427137,0.002376686708126895,5.862401514134996,188.83893097788112
43071842.43007874,0.02017114474297374,0.00197004923801474,5.899574818602311,186.32824565321224
43096476.23058883,0.02075966625791261,0.0014696550500163884,5.900411349092202,182.3725443497302
43105574.27295377,0.021108040874900272,0.0009879559424782805,5.8856020106696025,177.57254434973018
43104353.70045387,0.021141491807273257,0.0005725097871287588,5.879292914230148,174.044500090182
43105694.6594652,0.021196137168424077,0.00043934106261744123,5.878225121175622,171.4060028567912
43115000.869947396,0.021574469552920285,0.0005887603596113345,5.86404608642139,166.97201099544782
43130914.44512241,0.022064046061816275,0.0005340696865204247,5.856968917030287,163.85270981937666
43147270.82845709,0.02256789951911178,0.0009303340580925856,5.850627960659371,159.42833395153303
43143977.62869032,0.022665416932081295,0.001010418736293661,5.837427984388351,156.52817807346602
43129674.68354281,0.02250802742612736,0.0014948379109621936,5.823440457630593,152.79628660827896
43136898.44125433,0.02288925015184272,0.0019954731782410658,5.810990076524872,148.10481162220262
43150183.66638923,0.023391730431997826,0.002502481597982037,5.8027093821180475,143.49255728870654
43148519.27098417,0.023546387340232268,0.0026161553935488296,5.792803304435597,140.72172510772967
43146361.96529469,0.023729612290547774,0.002657079800517733,5.780569747201087,137.92853393703723
43156244.99389639,0.024216257132475372,0.0023703581150453196,5.770013482963361,133.8317795529964
43166343.0612713,0.024717235153003485,0.0023897003449192397,5.760077700191091,130.56977534443166
43180563.10966358,0.02515951192322472,0.0029010094484992035,5.762785448237597,127.01488497406271
43209349.000599675,0.025865656209852598,0.0034129485897890443,5.773332231088358,123.57654516845969
43221502.8037628,0.02640192845583983,0.003925959168724177,5.76575541862589,118.82268223911551
43224239.43702872,0.026659802021820226,0.004093092069435898,5.761401587612181,116.0742087140682
43240265.3093836,0.027260392902632363,0.004606372682856621,5.757570595268797,111.50264206081656
43250999.74113872,0.027786032453422187,0.005119943171070715,5.750446785057001,106.76097769886282
43220480.67219513,0.02733126005530839,0.005448443219950941,5.738335637904456,103.86561612039831
43166885.556139246,0.026336494808399155,0.005570511460132345,5.722063001611819,100.60401145368841
43116977.149144925,0.02544901741150591,0.005058264369896037,5.7044982070690615,96.29003378301886
42233638.84301899,0.004061976282805816,0.000325992860520298,4.341873764955908,315.35822598934175
42274514.71617181,0.0037729585545687614,0.00017153648535293584,4.575797330061674,312.50518946647645
42281222.43876749,0.004293337604236138,0.0006928060457356728,4.628277131213929,308.11712822914126
42286297.578336805,0.004849118158015497,0.0008332355003342703,4.663629931060468,304.81554901599884
42295373.885147326,0.005353346871389666,0.000929537566850107,4.710809352278081,301.8805392026901
42323542.17118554,0.004958112990189254,0.0013148509885741561,4.847494425496668,298.8272269248962
42369296.20078718,0.005195993459011874,0.001036316929113084,5.055436539795119,295.40143616199487
42386165.77433621,0.005322234657355437,0.001487186900416159,5.126949397839822,292.9333712577819
42432936.92403045,0.00581330750166733,0.0020065831275271795,5.302869179726641,288.76024764776224
42443192.3336801,0.006238539820218971,0.001958713781308127,5.302796171540427,286.42790693044657
42449488.63654867,0.006760906456727815,0.0024008675826285362,5.278169498453197,282.1746022343635
42449520.007725954,0.007285480076006226,0.0018812537964223584,5.235455065123066,277.3934606432914
42449789.9801086,0.007838607552010688,0.0013623167302226796,5.199830567070788,272.5934606432914
42454330.92895448,0.008399375309857508,0.0010656103833836619,5.183727066268728,268.71976004838933
42478420.795056134,0.008937561718676141,0.0015829019960771256,5.229839904637409,265.2433607339858
42536839.98824369,0.009547190350027912,0.0019530773618373239,5.368844776998848,260.8967511892318
42548781.40753379,0.010088756532346274,0.00188472211858618,5.366876550929406,258.08304690122594
42569464.66301352,0.010585319640059406,0.0022945625284067693,5.393528326068942,255.11319719552984
42590531.7708495,0.010869064882597064,0.0028119551486316895,5.4362509464118585,252.2916441679
42592398.87429268,0.011365242237716285,0.003330147484644561,5.408054922330434,247.49164416789998
42589224.92600741,0.01177201279469412,0.003246144474120259,5.37727518343287,244.25099639892568
42590621.933204636,0.01229993355562731,0.002868542677379995,5.353670868307664,239.88304898738852
42591921.034784935,0.012842547191752415,0.0023523608933516556,5.332314630713969,235.0830489873885
42567654.18056727,0.012868304187796394,0.0018388786061712085,5.2858767382251495,231.45642766952506
42585496.73783616,0.013082211408153082,0.0016196863743874249,5.321893352282202,229.6725947022437
42621218.39907866,0.0137210174917834,0.0012958270691252488,5.37168370860249,226.76805356144897
42657397.819457725,0.014386300463715296,0.0008036188801322379,5.417803974092658,223.29094095826142
42688180.858006306,0.015044817154505409,0.0005797462822329384,5.45026541165281,220.85040493011468
42725174.65933571,0.01575191745387974,0.0007929417853975264,5.490436510483762,218.2344229280948
42742478.81241367,0.016081371739190636,0.0004553614042035727,5.512234083410922,216.06536400914186
42751619.74707619,0.016122936437246913,0.0007532106331738478,5.53552456256286,214.36368772983545
42786697.541836,0.01684718127943218,0.000613575221701695,5.5662786668849575,212.18346929550165
42769120.66215115,0.016808652230379074,0.0009517443415142711,5.539031858401902,208.822058224678
42773683.1212915,0.01730734426437719,0.0005093281852272714,5.523315741239738,204.02205822467798
42758748.64786493,0.017370796996511808,0.0003615730830660264,5.498339050345726,200.76252520084375
42795297.26734549,0.017706365046531728,0.0004930238235812559,5.55598790687745,197.8999781608581
42839716.047111414,0.018483683334149778,0.00040248615568545863,5.599348549325368,194.1451393604278
42893626.97410917,0.019400380600115466,0.0007860766938698631,5.6497103302657585,189.936937379837
42954970.11050097,0.02039047126895151,0.0012683616217980384,5.707310725563866,185.3547123432159
42964993.67135757,0.020862521332796778,0.00130320098946072,5.697134741003717,182.15858304500577
42975363.08278061,0.021348492621054344,0.0012298305295952569,5.687894139514204,178.85441710948942
42972973.76107104,0.021568350570037042,0.0014802039276814224,5.674038097944809,175.3238565802574
42981135.322812,0.022053298160374005,0.0019870395335735706,5.66320196710028,170.52417234182357
42989423.428030185,0.022550884106844755,0.002497924944078136,5.653049628127638,165.72417234182356
42997720.074823976,0.023058293202870103,0.002469224864306933,5.643494098076251,162.43577460050582
42999440.256800234,0.02341805880679715,0.002874336798804248,5.632828798880448,158.27628260850906
42997081.1484093,0.02356310386625077,0.0030472835857056698,5.628651922758837,155.92768573760986
43011208.76401506,0.02415433187904745,0.003561122257162456,5.626078535346658,151.4123563051224
43027730.408469744,0.0246228576527196,0.00407516948300435,5.634299967906653,148.0828679919243
43003650.154326044,0.024384028239185177,0.004170383912019232,5.618417854536316,146.0804068207741
43017469.177934535,0.02498863131356869,0.004684768166466284,5.6158260969771305,141.51299675703052
43001434.35409887,0.0248040619638612,0.004215058735155376,5.610281923014656,139.02326805852357
42987026.98069518,0.024500567043159165,0.003700279731414921,5.613416026454912,136.5659355308861
42952109.19403647,0.02380042718125821,0.0031861067254523754,5.606010909081096,133.12059557698672
42917893.98698838,0.02314775744740603,0.002671562566234292,5.596558431831822,129.68187710307544
42887931.43505324,0.022756546690678944,0.002156591546889375,5.5792830568445195,126.32904698513454
42883054.149181135,0.023012905447090243,0.0016409204725370368,5.567456327649632,122.1870079722256
42862798.13757238,0.02292175881079713,0.0011255615475317263,5.550642036512558,118.74688416980213
42883959.71873263,0.022915415285379714,0.0006101422618892474,5.593509053960663,115.01001124642795
42944163.21548326,0.023941563278350893,0.00010197449163228617,5.641510440082686,110.70782931111759
42993329.09172669,0.0246595415001993,0.00015393508761830168,5.687817188615018,107.7620341327042
43030076.21608617,0.02522581379447125,0.00043480805775356345,5.721812637942952,105.38451375029987
43030617.60081294,0.024780431879996307,0.0005214148409594547,5.759876679970704,101.9590785887093
43049611.747068256,0.0247849251774241,0.0005926892291034317,5.80193279020658,99.28549701236196
42194575.50847879,0.004522423893375482,0.00032614262300906786,4.154896463445127,317.31764817237854
42245521.9864328,0.0039441367264606165,0.0007516702542311082,4.405601624605515,313.0807800531387
42262296.197984494,0.00423727153730384,0.0003725763434618792,4.522772061389207,309.7102956652641
42262160.95216227,0.004534064554443035,0.0007469456973235853,4.5350144894700835,306.8694425106048
42265182.90857297,0.0050123189000980655,0.0006515314421019508,4.568410106274248,304.04139583110805
42245146.058740705,0.005378639048355804,0.0005126344179878585,4.49219657866444,302.11927204132076
42261536.282179095,0.0057147166191905685,2.492126883192543e-05,4.578442768830264,298.365757715702
42302056.36517815,0.005412347605021229,0.00043971446880571654,4.752261776753434,294.5753752112388
42349970.05210305,0.005480009336693363,8.673385329556514e-05,4.962735840485208,290.24205211400977
42397528.58216396,0.005643342508061424,0.0002622971428510248,5.167334602708049,286.46429113149634
42450573.1074217,0.006079973473326267,0.0005603159261240778,5.370230541866533,282.5870301723479
42504979.67101436,0.0068081270900702895,0.0010033021104695174,5.53158311614209,278.28140380382524
42532886.192001164,0.007042978735722494,0.0007116255567503679,5.631717328035144,275.7307694792746
42587411.736835055,0.00796814457323228,0.00019567257338943812,5.743855103129577,271.25639034509646
42590086.54126854,0.008286793189949753,0.00041075862526176516,5.689482336493462,267.38470476865757
42591752.480025284,0.008617854306583994,5.760546085192217e-05,5.638493998074417,263.0549770236014
42594047.20289634,0.008998683408426205,0.0004932983726523537,5.591983008653733,258.2549770236014
42600216.38753122,0.009438381186981242,7.178597404996073e-05,5.560483198054956,253.9335858225821
42602250.65295114,0.0098662180102289,0.0005762960501644459,5.5213038913084285,249.1335858225821
42588720.727425694,0.009841674894298207,0.0006400968841949055,5.481716643270419,247.1590640664099
42588666.566797376,0.010201667788199998,0.0008841100345764236,5.451833491164966,243.70208342075333
42583247.034143254,0.010534573997773264,0.0012000856926529559,5.412516074890021,239.8529726028441
42584737.79079134,0.011046775326968057,0.0017194061528911118,5.38370267196708,235.05297260284408
42593671.077528596,0.011598245518894202,0.002238543781601101,5.3753233113585805,230.66663346290574
42610308.41669154,0.012178681191585184,0.0017189331340832705,5.385313647170432,226.71175529956804
42603103.80748555,0.012527268797290046,0.0011999340519243495,5.35381003321755,222.30920989513385
42603259.256540686,0.013054632829941806,0.0014234015117050832,5.33194836201797,218.47788492441165
42645230.34761789,0.013726971669022214,0.0019414091039712505,5.393641747702508,214.64810379743565
42699008.25589334,0.014401372640435891,0.0015705318488681988,5.477525211976017,210.61095925569524
42750871.24684014,0.015076118310669085,0.0020874085447471656,5.554303045215408,206.24942256212225
42786287.074091546,0.015757594221659996,0.0024831240587688775,5.590162415050644,203.2687991976737
42849313.43126908,0.016771472598440983,0.0020835922007108655,5.660909725866997,198.8378207087516
42898032.20034608,0.01747653894635502,0.002302736952773521,5.721252007208879,195.66015698909752
42951943.84546901,0.01846799157624629,0.0021837672128051802,5.766022769679604,192.70799358487122
43012875.73146339,0.019576763058774916,0.0020370139981142846,5.814374038931736,189.3427942514419
43048627.47394475,0.020156431713997325,0.0018359247279546636,5.849477704153435,187.04873223304742
43087412.71632289,0.020965357945648386,0.001322410793654191,5.866910330247631,183.81259948015207
43104889.27398087,0.021381864535261526,0.0018346518279960722,5.869052511107081,180.20812174081797
43113926.931957126,0.021745200440949977,0.0021633019641276708,5.85541263627778,175.9839220166206
43113179.26764692,0.0217440790429335,0.0022872397216214886,5.855332737436333,174.22658653259273
43122271.291325904,0.02212480278240449,0.0021811511012653504,5.842126739167496,170.69580638408658
43125661.812723696,0.022378507392497936,0.0026944423409536217,5.8290814347815685,166.1577343225479
43143144.81661357,0.0229043614417381,0.003207732951012103,5.824839399118771,161.79331872463226
43160787.612679206,0.023412527325854814,0.003305615420333677,5.823194304903536,158.96575818061828
43170589.7859159,0.023841739434082136,0.0038190239078643223,5.812076152890136,154.16575818061827
43143258.779011056,0.023380315630611714,0.004334140632155943,5.797921630315353,150.91293284893035
43153040.69170821,0.023832154892784282,0.0038219433128827258,5.7872083255599005,146.13814210891724
43162928.515197545,0.024298955134913827,0.004334754759645893,5.776852584662432,141.33814210891722
43157822.29459526,0.024414854779069812,0.003979536623686709,5.765029642689794,137.68378529548644
43157980.96244107,0.024641790489726256,0.0034683201285382725,5.755978700131741,133.54408836364746
43192021.20565666,0.025399998571471058,0.0031093246662118827,5.772025229478854,130.90053260326385
43191234.297589935,0.025533693172993262,0.0026026844665232845,5.7682386423168985,127.39353277683259
43183916.97195243,0.0255194063472163,0.0021011738915365594,5.763361100372231,124.1332440853119
43214714.665932484,0.02628864336815274,0.0016087403383751044,5.7725954616306865,120.40092811584474
43215158.18064677,0.026544797739921477,0.0011394175735077545,5.763405261262267,116.08069863319398
43232791.6440846,0.027018488254199172,0.0009837692462276977,5.769946634402368,113.79985710382462
43239778.66322057,0.027304601524524574,0.000660723823075094,5.7706669327246285,110.50069406032563
43214068.1696441,0.026849882355546355,0.0005704962602846066,5.764931354544371,107.74224462509156
43184710.15251739,0.026350780580311105,0.0005828787869553249,5.755822934534198,105.4258007645607
43138534.23686583,0.025505355530960196,0.0006920975333022595,5.740483524451548,101.24695755243302
42215704.96278821,0.004463586170129746,0.0,4.274909721546931,317.59814697504044
42241985.30546312,0.0038217162557392303,0.0005215376142359663,4.3722665770311515,314.1992745280266
42298507.41028841,0.003436520653019045,0.00034280462460708566,4.725160287898484,310.4515723347664
42351804.99994763,0.003451691868275927,0.0008634562357066509,5.090206979649208,305.84433504343036
42339628.13904312,0.003826470812326263,0.0007007368332878505,4.967158103602894,302.7278705716133
42319841.36444544,0.004165950137056784,0.0012219391012737528,4.829602052042595,298.85581002235415
42322563.63083114,0.004762714625364879,0.0017429511381131582,4.828415353327841,294.22850003242496
42321905.79659962,0.005401777201961212,0.0016557521088028616,4.813905051402637,290.7604434013367
42300774.68558384,0.005827558209574848,0.0021570711260635355,4.7248471384285455,286.97702971696856
42313308.608094126,0.006109404720852734,0.002570139585029063,4.77767001265925,284.1122165977955
42369845.96471977,0.00618880722752922,0.0029566921438489422,5.000228088173168,279.71880417466167
42427202.40728412,0.006541448300693258,0.002916490177627088,5.209671633435097,276.40104900002484
42469167.11304438,0.007086787692956937,0.0023956371456093617,5.331583869229716,272.49420693516737
42456771.36229418,0.00707073180256231,0.002488834684125506,5.285369954229531,270.9190813004971
42456788.95734808,0.007593124549604658,0.002167092437427023,5.244359925174463,266.75084739327434
42435571.366507374,0.007729473427350231,0.002101780486654552,5.165520674986784,264.35331245064737
42435779.76400016,0.008313830940581359,0.0026204069084048176,5.13735346563435,259.55331245064735
42457694.49557034,0.008843924505529746,0.002772752025386775,5.180251920372721,257.09505646824834
42493471.58262374,0.009191196526460946,0.002698591438769894,5.27122670190948,254.81844180226324
42541149.35731367,0.009794324221422433,0.0021803925428939656,5.375211185129759,250.61601026654242
42600675.16775561,0.010561151891419386,0.0019558356849022425,5.494737441943774,246.7226881444454
42661196.12802413,0.011448382531859229,0.0014430875453245535,5.598904574869393,241.9226881444454
42696000.6845798,0.011780683346133242,0.000940586801440968,5.677788270476734,238.34934086203575
42754428.35085712,0.012788065123629937,0.0005290652321963989,5.75322065853725,233.96080276370049
42750154.611285195,0.012885921002814634,0.00031449685522138844,5.724957502017357,229.8339470565319
42763888.25749765,0.013359765752267645,0.0006760796029177538,5.713362619818036,225.55144230723383
42755970.70282243,0.01341901079611896,0.001163906583765566,5.683362532550387,221.4479299247265
42757616.54857801,0.013753755840843325,0.001670700724366393,5.655681145638104,216.76174878478054
42762380.00368438,0.014046485331986271,0.002183265973426476,5.643801626249776,212.90726937651638
42766497.586116016,0.014471979388251727,0.0026982116082437725,5.619677021309148,208.10726937651637
42741958.52388717,0.014235215666490046,0.0032154642573237586,5.582509976090824,204.611145991087
42745737.182732664,0.014698759249226362,0.0034810871844462325,5.560188348192416,200.58861107230192
42766213.47508292,0.015309981301748292,0.0039976221044100944,5.567695856657074,196.69574850201613
42770070.38144288,0.015788877047647896,0.0038673965436110394,5.54798572279749,193.0939435780049
42767779.06455089,0.016138958760186152,0.0043851339952768005,5.526411452361061,188.58311215043076
42776008.83600803,0.01667830668189333,0.004337062648310945,5.516171836119733,185.4764511525632
42756654.04623992,0.016666051835138043,0.004221926229808676,5.486988035596227,182.97272612452517
42791700.60832385,0.017336489142049428,0.003702503441659007,5.523079995974311,179.6217956662179
42836882.08737525,0.01806484184452755,0.0032046926667343846,5.573266538881116,175.80047137737284
42882113.986683026,0.018840413774416524,0.0029733742373900082,5.618231667561511,172.86294586658488
42947048.48074884,0.019917705472320843,0.00245458730597197,5.678984573089003,168.06294586658487
43013426.31876581,0.021059530607910677,0.0026579038334450388,5.734803348031115,164.22714097499858
43079294.05320424,0.022231920076870776,0.0021403859516231907,5.784284842806,159.5151563882829
43136169.24596916,0.023184886975282513,0.0016241182062446049,5.830745779953202,155.24588756561292
43206217.173049085,0.024473790032825345,0.0011091578875720496,5.874753765986819,150.4458875656129
43277668.016217604,0.02580702160141418,0.0010390288634819903,5.915463402132407,147.0294251918794
43350456.16673135,0.027179801383973624,0.0005298737677454598,5.953207101821899,142.2294251918794
43407312.66187473,0.028243791633398744,0.00011564631175439913,5.981754636418988,138.27785601615918
43473440.83628481,0.029477857764781894,0.00021373714384538282,6.014313413416309,134.94392790794384
43550072.87912507,0.030951208772750545,0.00013060111665251926,6.045545651617585,131.00530720949186
43592349.812973425,0.03177693838677603,0.00039465758282218,6.056816341879433,128.43605817556394
43595854.64029221,0.03183074297428559,0.0008981455398418045,6.052996293366095,124.21907097101224
43621395.42729538,0.03236825669146788,0.0011925206962769138,6.052363416474048,120.53837474584593
43609272.609047465,0.03206420460324774,0.0017045265667733431,6.050437634243328,117.01309950351728
43594251.442594394,0.03165701087909162,0.0014331490403506363,6.054060961869802,114.83885268569006
43578728.50141728,0.03127202004574665,0.0014196751744432966,6.053526723554649,113.223372501135
43522137.285935625,0.029931639474232902,0.0009079901654145415,6.056195979882158,108.423372501135
43524747.09536244,0.03000227337369207,0.0007715532488176205,6.050702330782212,105.41015006899848
43504631.86929073,0.029541633153989798,0.0011292399727196336,6.04787021923965,102.68875278234496
43485201.522297375,0.029070805000779118,0.0015756727247730807,6.049293581418509,99.77950979471221
43470406.54027541,0.028749129082447526,0.002089767146770388,6.045032265327539,96.35105067491546
43413775.75454298,0.02743740889627901,0.0026053089520368757,6.045646745250568,91.55105067491546
43376259.026275635,0.02658852570919423,0.0025411976739213283,6.042894134263023,88.99996504783645
43356837.434943095,0.026100588544863468,0.0020273965290055125,6.049183078953563,85.9836648702623
42194575.50847879,0.004522423893375482,0.00032614262300906786,4.154896463445127,317.5419141888618
42243353.8032709,0.003989189332422092,0.0006963815744732454,4.395819488047434,313.5952924370765
42242316.00602477,0.004624871986324843,0.0010026815665788022,4.435212635372392,309.4556704521179
42250034.54268215,0.0050977581295103816,0.0011677933741545366,4.500574678690741,306.25220221281046
42279635.16839158,0.005078758343214246,0.0016886348138186187,4.64186920492335,302.87525984048835
42325665.880721726,0.004857134339898529,0.0015367287207563272,4.864432504933768,299.6989751935004
42357193.876429655,0.005071655031998189,0.0020568473664923687,5.008393377721114,296.27868218421924
42333948.90320198,0.00534009625175351,0.0015368474138708242,4.889079387408562,292.5561168193816
42333369.56794345,0.005972414099320717,0.0013636758547054535,4.870817509609504,288.8233168601989
42332085.22791969,0.00643675295230951,0.0008443522850354171,4.8589261978178495,284.7839545726775
42324799.40548514,0.00683997841860867,0.0007945693281192261,4.8303346014424555,282.4372351288794
42329993.771871984,0.006209127297701374,0.0003657464937998085,4.868340206159477,278.6993791222571
42351986.45578076,0.0063351211680165755,0.00019411479969571696,4.952870790062436,275.726117312908
42409307.83580395,0.006627975020512253,0.0006667771547549075,5.161214611944083,271.01629899740203
42425591.11774551,0.007156574351980148,0.0011842066693727538,5.187727818870516,267.0985828995703
42410449.00821185,0.0074386899247131525,0.001082861478022765,5.119528159408953,264.30729013681395
42418920.75167229,0.007997696973517099,0.0016022143900349636,5.121158138406376,259.96903597116454
42402010.79726794,0.007958510322986044,0.002122631716425357,5.075273979571707,257.51304436922055
42439751.731627986,0.008418424991509991,0.0016017511974597827,5.174400128706825,253.81309211254103
42466893.899418704,0.008949075900130412,0.0010814974688294252,5.230113849746372,250.49731664657577
42503219.97700967,0.009366831927167012,0.0005616803368524156,5.316205580103946,246.86158753633484
42527268.12713004,0.009439665426711916,4.7816690913454505e-05,5.3894412380587395,243.76654449701294
42538346.211067446,0.009973757943575908,0.00011808055480693982,5.383427376382454,240.6025773286818
42524352.54923092,0.010150406863866828,0.0006355804325044885,5.334334959947762,236.52542399168001
42546665.11519202,0.010658536218660019,0.0011545106942040966,5.365790051852768,233.2541226416825
42559002.18459335,0.010986869997918954,0.0016734576841988629,5.381355159692189,230.2569727808236
42619087.0209638,0.011766525932441945,0.001280093724220117,5.490027319446913,225.84685818254937
42661780.55911634,0.012447590440063874,0.0008973231190289303,5.553755140513081,222.44115791618813
42704901.4951609,0.013080808567539284,0.0014143755426088613,5.619796647552595,218.58349669277658
42708765.199138194,0.013502115655278486,0.0008972572701847739,5.59394619257815,213.78349669277657
42690697.103240594,0.013424996356953253,0.0006444960434313497,5.556931628502114,210.79859046041955
42694305.15354714,0.013885856618010882,0.0011602660552599742,5.533577989974862,206.00088211596002
42675780.729594216,0.013852996616536287,0.0015787892528209392,5.497170117518867,202.51860426962367
42679207.954563595,0.014352131012705825,0.002030840078475645,5.476507748484173,197.92090729773037
42679651.619266555,0.014684294875386465,0.0015137831891064478,5.462656736559811,193.92385047972195
42701390.62837312,0.014807551619776902,0.0012308847241912172,5.5096074379439814,191.7687384516
42755236.438689865,0.015674667269245136,0.0009654647987388117,5.574685382595333,188.2172473341226
42795179.97698372,0.016320511893749244,0.000635286312741025,5.621895101499254,185.17715671360486
42859522.22633307,0.01737750109709295,0.0001822974768312172,5.689827566491992,180.37715671360485
42925099.928755626,0.01850146574534461,0.0006334174648075823,5.7512618412132746,175.57715671360484
42932362.497952096,0.018907549361338438,0.00056343386249634,5.735152109231189,172.15223143398754
42905533.50855511,0.018476698767754207,0.0010689972580184078,5.713982148367756,169.03074264824383
42906369.07477493,0.01870039355182154,0.0007407522038345589,5.701582363682302,165.53727817833416
42906635.7919221,0.018898561421472747,0.0005908829001275448,5.691119608591099,162.7932262450456
42913769.50286597,0.019354825398769652,0.000276468787351879,5.67644033631688,158.50105266869062
42889270.389070414,0.019064937211894763,0.0003183829890797567,5.653289307772274,156.56423909962172
42902197.22582914,0.019609291583855118,0.0006202920238855704,5.646983614488926,152.65493748486037
42897697.25448866,0.019825452572655757,0.0010356087926391962,5.630344705230588,148.65934646427627
42904857.67233428,0.020333261824414153,0.000890235961703381,5.6179672539943235,144.99945538341996
42913048.336657815,0.020862259392396974,0.0009635358936202854,5.607562466473237,141.6170266717672
42910802.65954691,0.02116746163059668,0.0014721769484211588,5.593616910365848,137.2514150470495
42925180.287183955,0.021771676768605364,0.0012183669531333303,5.591642641662631,133.6329846948385
42932828.71216611,0.02232319954559949,0.001023333642293025,5.58223891321859,129.81548915803432
42930613.76493841,0.022376720081155963,0.0015303460428339355,5.584846632730738,127.28933651149273
42940200.959001906,0.02295596668960471,0.002041325504345683,5.578000704025794,122.56728601157666
42948373.49217455,0.023530522840409455,0.0015309685557545849,5.5701394946814435,117.76728601157666
42956863.69541855,0.02411787565066379,0.0019174120254900097,5.563054002701353,113.35312485396862
42965571.760658346,0.024715858863158607,0.00235601879885546,5.556636310398784,108.77957348525524
42955104.54434044,0.02463200348370454,0.0027840232687074916,5.555792720635209,106.685247823596
42940593.00034779,0.024698661221514255,0.003297207506891895,5.542312214568622,102.94321546256542
42233638.84301899,0.004061976282805816,0.000325992860520298,4.341873764955908,315.7776952266693
42289993.28466762,0.00362790361739993,0.000847030562055164,4.670807866818908,310.9776952266693
42292128.307979725,0.004228689693994021,0.0013682683339330572,4.686711393845592,306.32205443382264
42296070.38086634,0.00460628042168206,0.0008471130557834696,4.709148650161168,302.6378386735916
42289530.71414268,0.005202012044644724,0.0003265302731337594,4.681829406688493,298.1054542064667
42288429.81846928,0.005858695949388925,0.00019765103410768054,4.684594812199289,293.30545420646666
42285913.37062244,0.006511072145224057,0.00039814502925111827,4.683486332213377,289.5437338709831
42285867.845957436,0.007158643003423249,0.0003866480165086533,4.692316257603889,286.39200383424753
42280273.31602934,0.007798245714057055,0.0006872281756709038,4.684336760123781,282.45124694108955
42335709.13100959,0.007743566198558151,0.00016642858535367765,4.861359526345076,277.65124694108954
42342277.22863457,0.008050310948592416,8.626212460822639e-05,4.882140735750011,275.2771633028983
42328865.613590226,0.007826938203573683,0.00012900032420610932,4.853872548154898,274.66454038619986
42355026.377528615,0.00798404150199204,0.0006488892730737242,4.936455838612096,271.4609381854533
42411981.09289827,0.008243523543522206,0.0011685996771104556,5.105810569433956,266.6609381854533
42450148.09756723,0.008719827283571882,0.0006483515645851648,5.201237815810835,262.9474864900111
42493493.266809836,0.009162300697402119,0.0001401281058902862,5.3086001540303895,258.9611991345881
42543335.958465874,0.009709490677609286,0.00038511434276530636,5.423289910310255,254.62816225886334
42580170.14132814,0.010362735926083428,0.00038758272697228595,5.482366558452673,252.69428159594526
42629737.99227538,0.010968566894299215,0.00011547694171861016,5.581979330117765,249.15717081427564
42628915.74069479,0.011191851884132116,0.0006316073239067625,5.557482955195956,245.2032737195491
42632546.50517658,0.01146534540720543,0.001150270686935435,5.54404641269135,241.4816808998584
42623971.47433089,0.011643960360167375,0.0009989544834884258,5.505766821717849,238.33768456578247
42621377.59717461,0.011989491711767136,0.0012012429473510725,5.473889462854335,234.7552664458751
42614071.64902374,0.012148155640537166,0.0013367532388429435,5.44750061780065,232.18653472065918
42655634.95288442,0.012863892860392086,0.00146138772950859,5.504774641222045,229.65600762963288
42659329.17349521,0.013009336059534282,0.0019799153625847804,5.507871198999442,226.91734889745706
42682471.89428089,0.013619944919778281,0.0021938429145033056,5.523338294312919,224.15019881725306
42720508.07180957,0.014346550302694513,0.002711010661329209,5.564828300338771,220.6602550387382
42723150.98619434,0.014689744168652936,0.002871120691870698,5.549487053415021,217.5885631680488
42728793.81726413,0.01471714801678921,0.003388830879757875,5.5663883555273355,215.63752399682994
42749195.387241766,0.015168438431689196,0.003905796395601477,5.584770959374915,212.68521226644512
42789970.97480617,0.015875627174740968,0.004421425899220045,5.629788705539695,209.06971404552456
42794496.55676539,0.01627854328068705,0.0049386450820682395,5.612751346884343,204.49971628189084
42794608.330322854,0.016619434067471597,0.00545599560936687,5.592636354502195,199.9337704658508
42829188.196747825,0.01735567931369162,0.005011366418330136,5.6192463153990895,196.94526345729827
42830220.7307485,0.017717365924315956,0.004795627251727511,5.601179678589769,193.27360013723373
42821665.18089543,0.01781144293995953,0.004280247442677855,5.583740391428034,189.4799149632454
42826990.253991246,0.018303362213118072,0.003966404739452848,5.568822606975451,185.30556349754335
42832299.211390465,0.018807519094382864,0.003452030111154955,5.554873652609018,180.50556349754333
42841524.76664912,0.019353837112536527,0.0029391279472322815,5.547047665695764,175.91432480812074
42847063.38023752,0.019881138115777807,0.00242901228969282,5.535009298597605,171.11432480812073
42875697.82896922,0.020592523885950943,0.0026787510211970724,5.552791908668108,168.36745598316193
42886030.24267703,0.021040082710516356,0.002171831460452818,5.553912602445413,164.57521240711213
42887318.81471424,0.02146425310135744,0.00188092104202337,5.541979579569172,160.67648614645006
42889231.66902703,0.021859866045645174,0.0015521875213384362,5.533591110123922,156.9508619427681
42904189.808204025,0.022482239615966296,0.0011659749626454542,5.534638461564565,152.91919053792955
42931689.550609544,0.023174010790495504,0.0009455830576209466,5.551124133525818,150.24839846491815
42945962.60511373,0.02348187694136475,0.0005893930807952533,5.56630213562078,147.84928733706477
42962997.541896336,0.023681984165521402,0.000575479892685483,5.590820180168994,145.5178043007851
42967245.28747222,0.023577741634094443,0.0008477995100110966,5.611616743867341,143.37894562482836
42994495.40402131,0.024155117792429927,0.0012944045325729773,5.63085381911074,140.58080554008487
43063574.933260076,0.02531451178886633,0.0009682644203449376,5.682219501221,136.24458651542668
43094131.51766487,0.02595821505975767,0.0008522782107521475,5.700249428886506,134.50880842208866
43101326.36732656,0.02590286383971462,0.0009013825342594169,5.722418207382972,133.48451535701756
43132097.04766399,0.02663980736817038,0.0013611580180563976,5.733613276905639,129.81421829462056
42233638.84301899,0.004061976282805816,0.000325992860520298,4.341873764955908,315.6752502202988
42266667.71273683,0.003781753527084824,0.00044345015499577703,4.526533460598541,313.3246669650078
42318323.14046867,0.0036516834923904706,0.0009642599303734676,4.8510004208710855,308.81237736940386
42372699.07724894,0.0038907374089162095,0.0014364713583404534,5.181990994023797,304.33876353502274
42373104.24351239,0.004262236226875634,0.0009158761194746736,5.135165752468527,300.36471661329267
42373299.337195165,0.004828374680470936,0.0005044153244115715,5.081655561655216,295.8992045044899
42388782.54157838,0.005330142664462604,0.0005654454768079931,5.118289559862269,293.4045642733574
42385555.06308951,0.005853709174627531,5.742688874999927e-05,5.0676029203500415,288.7550553679466
42385332.93394015,0.006452176578127916,0.0004788651115388223,5.035605721839055,283.9550553679466
42373384.15878899,0.00674717356084036,0.0003995152835833182,4.982128285598976,281.64682174921035
42349248.69118096,0.0070353997161021085,0.0009197976140117803,4.893793881018736,277.94621056318283
42348258.75154422,0.007685694443257426,0.0010187249301819717,4.881648609883667,274.4422117352486
42404722.29400022,0.007884135907573824,0.0012537823746379929,5.058456390231055,270.5174976348877
42451401.85350916,0.00815775425930595,0.0016893090422934554,5.198508485512466,266.5069905281067
42491845.42590942,0.00843252001936812,0.0014638115678735474,5.3165558685752545,263.4756856918335
42550808.20382591,0.0091345727131159,0.0010812133613167514,5.456682787237813,259.1003257274628
42610868.73371833,0.009981646894326226,0.001599610049447352,5.577359278493329,254.3003257274628
42671963.26876511,0.010944249286624913,0.0021172880376443682,5.680192210630089,249.50032572746278
42722720.17068914,0.011717544637630344,0.002100700747261044,5.76461322202681,246.76896114349367
42779804.72149507,0.01275572909774941,0.0022321186378740344,5.830661552355333,243.4787340819836
42838933.369782895,0.013858668799224651,0.00264484019791011,5.889895330775065,239.2604354321957
42903921.80454401,0.01508628869050847,0.003147681622975507,5.948489001894219,234.49942054152493
42896569.18436559,0.014933123333188341,0.0033017340426489384,5.934548856140001,232.18828793168072
42909872.97769248,0.015306900349538825,0.0032841206912690075,5.918576335333035,229.32132337689404
42914511.38466699,0.015541895583951611,0.0030287387610713713,5.893502311614949,225.39391339421277
42933515.80504389,0.01603310278159268,0.003544860926466899,5.88676143522812,221.28443228602416
42926770.3036249,0.016014067860839473,0.003481871116826467,5.8628763551306005,218.46876301169402
42933698.885995924,0.01634549696171355,0.0039009470071597525,5.840930420472456,214.01457182765014
42939446.208955415,0.01667613537061749,0.0033850921123110187,5.8185208187637585,209.21457182765013
42945303.15051543,0.01702772608969904,0.003372319680968432,5.797086690843342,205.97470991015442
42950982.418125845,0.01739385127851674,0.0028578843308658957,5.776446547345444,201.1747099101544
42959883.92221862,0.017819982803309372,0.0033189729033967323,5.760824461563591,196.69983126521117
42950907.657760486,0.01785973902007746,0.0028060191419592593,5.738964659735473,192.56009358763703
42951430.985194854,0.01797521212798812,0.002294955812226514,5.734912835345865,189.39527079463014
42955659.81799662,0.018359466566577692,0.0019276285538721183,5.71644999772437,185.1056140601636
42961512.339612454,0.018798025417615626,0.002058896364523447,5.699305581273648,181.49058429598819
42984380.310349114,0.01944153350856699,0.001556948374578208,5.70443243279943,177.6121493279935
42985971.41177338,0.019787950791863372,0.0013347803776084604,5.687942664948158,173.89311509728444
42986295.05084677,0.020095189564785863,0.0009323421212675318,5.673430934374845,169.76230114102376
43014748.87724551,0.02056070098837008,0.0006316371055255266,5.704481361702905,167.21388768553746
43078245.23842828,0.02170634496580381,0.0005743504925284961,5.7540350754091945,163.8948804318906
43141720.39955613,0.022835804623293217,0.0004977963019847692,5.802270492504491,159.28184193968787
43180851.569869176,0.023686951799057946,0.0007391234362618096,5.819511266076756,156.4483703076841
43249326.6100949,0.02495695631232161,0.00118655663475181,5.8626885519252525,151.70438529849068
43303023.5832936,0.025878183293363433,0.001643935892120868,5.90290126775678,147.76821146607415
43368009.979118586,0.027081915021762982,0.0020360183657788513,5.9408000026526135,143.63208115696924
43429863.616563074,0.028215877148885928,0.002540073679364508,5.976739496589592,139.35066908001917
43504825.36401437,0.029668056005377516,0.002793528215112118,6.009651509066527,135.34655795693416
43561050.073211305,0.03075733628485248,0.0033014184979537433,6.032247244452925,131.5519097507002
43624328.236266665,0.0320055725440497,0.0029615181190288387,6.053659301383487,128.01835891604443
43673379.01565142,0.03298887416600975,0.003470192234592715,6.065771449453138,124.75204220712205
43733601.70017725,0.03417849327142287,0.0029582961441812945,6.083130368982105,120.93482478559037
43772278.36652915,0.03488906430760508,0.0026887955481355286,6.098631463988143,118.90621264874954
43812774.75824322,0.03569034684983654,0.0028220738907173116,6.105748737045252,116.55815147459526
43860884.01745414,0.03664410253634348,0.003331125403333044,6.114946922190391,113.21465008854885
43886629.95562097,0.03710968369026773,0.0031249398517507326,6.122189645348109,110.99515473246593
43912742.102482,0.0376353520612165,0.0029414433129149207,6.1210075309028955,107.50464465022107
43945708.404741555,0.03823661789951806,0.00272893942018369,6.132509810230091,105.8407009422781
43951146.685351126,0.03830370474646367,0.0022185697794160765,6.131406822546394,101.71938408017178
42233634.38366747,0.004062013993854447,0.0,4.341849390603737,316.2625574111938
42289974.53604631,0.0036279276902152434,0.0005212477804169227,4.670685814607352,311.4625574111938
42265703.006655104,0.004100245438080744,2.611181374908513e-05,4.532675604510298,307.8605633974075
42264782.61354369,0.0047470477508898936,0.000547232937452754,4.553452487284752,303.06056339740746
42263632.60082807,0.005401552475592846,0.0010686345561445585,4.570676956231381,298.26056339740745
42277588.643150166,0.00580911150716733,0.0012707043674583113,4.6420243486577455,295.29632865190496
42319273.366849676,0.005650867631174832,0.0014025966068113816,4.818624688957463,292.40901552438726
42376096.72302553,0.005785068423653544,0.0015539460113345562,5.056395412074348,288.74102226495734
42423353.671396464,0.006110650639033958,0.0020733532357113133,5.237981269228015,284.48170548677433
42426447.37855769,0.006647773397920738,0.001854145247103661,5.205170631232411,280.7559127449988
42432473.85691439,0.007123407404463435,0.0019936697296340155,5.194410944512071,277.7765982985495
42445829.09640574,0.007596887612136855,0.0025132559598786473,5.211769731861845,274.01534031629546
42451136.88541596,0.008151103498517437,0.0030329966151685737,5.196270957564733,269.4868041634558
42451466.42077145,0.008724958341621458,0.0035528592439652835,5.16805945877842,264.6868041634558
42471658.27840918,0.009266061612156927,0.004035838439092525,5.202368364177574,261.1032819867132
42471979.467214085,0.009845642083711727,0.0043566575712921515,5.178239961803541,256.91550898551924
42445063.74422903,0.009942801943838462,0.004210827300880131,5.111005487467004,254.51153209209426
42488248.223205365,0.010430066905644849,0.004406189614436094,5.205826157751328,251.50437157154067
42532644.981411025,0.010793818530853155,0.0038855338562704604,5.306435500178854,247.37471444606766
42566460.95171002,0.011396236599990901,0.0033666894612099634,5.361107721576197,243.9618321359156
42523763.55485735,0.010998313217333258,0.0028518806993058235,5.283978392645786,240.33047510981547
42524757.744407274,0.011558689670111325,0.00249948476274432,5.261985535623906,236.03494030833232
42525720.76498069,0.012133005542245794,0.0024072881385323952,5.242532041802128,232.5470875442027
42521972.611768804,0.012555760447532937,0.001896774004320515,5.222775711068541,228.31532861590375
42522770.32092785,0.01315324163853338,0.0016248955773498909,5.207199208879137,224.2543173491954
42526874.36306059,0.013687611139178966,0.0014666666839395991,5.202726309926932,221.06302446722975
42559711.68701534,0.014268512696320894,0.000980767338049055,5.251237999247671,217.6919815182685
42603667.311249845,0.014717345573163695,0.0005620395155853466,5.324286012272761,213.65894137620919
42618092.141115285,0.015309924174544519,0.0006907799743225347,5.33178378451068,210.58459640741341
42647937.842577554,0.0159455713215256,0.0009684519384229189,5.3651214264750156,207.8837846577167
42662469.79716034,0.016519776018165882,0.0006018040718214491,5.372132105174343,204.05211514830583
42628793.76905964,0.01630450294963839,0.0004596096263450078,5.33121534106963,200.781213158369
42638254.99835457,0.01678205090730307,0.0007748525327514447,5.335516565337877,196.97762348055835
42662134.59822897,0.01741485080532955,0.0004558887459996297,5.357173021851124,193.3323715984821
42654866.36497191,0.017772346577679697,0.00048602183854536097,5.338927116031691,190.34710070490834
42684503.728806116,0.01843122655654557,0.00085036009515511,5.36802983754125,186.99577893614767
42694478.83789521,0.019034649627690296,0.0008843523713438868,5.367447104546752,184.01601631641387
42711529.70227088,0.019664872795351732,0.0007533111304609664,5.3768112153414265,181.06310758590698
42709822.9920143,0.020051442801936818,0.0007798217420776826,5.368157579345552,178.45794353485107
42714133.31846912,0.020651786136158416,0.0007954350027746416,5.360732646982702,175.20003398656846
42718591.95846121,0.021261465335436592,0.0012125336403963178,5.354128398632685,170.57578266859056
42717112.75582127,0.021751022731825522,0.001349332772347936,5.344721376484937,167.2023215055466
42717242.74706955,0.022201715008674582,0.0018496608715287152,5.3396162665675835,163.03461492061618
42698470.444333054,0.02234006431153973,0.002358093637160623,5.321295592907876,159.30563889741902
42700122.04364212,0.0228273167282568,0.002067756247068431,5.318295732004905,155.81201468706135
42705093.60916467,0.023476128958725744,0.0018440007489065235,5.314801517171505,151.90932921171193
42687361.81589734,0.02365954221795105,0.0016986700303747715,5.298890610848885,149.28584697842604
42681575.65935454,0.023980712681094023,0.0011953661511459035,5.293691746908675,145.59616511464125
42686982.71168287,0.024651774989660282,0.0009422861012319589,5.291848527235405,141.57628152966507
42677523.750844605,0.024845125037238163,0.0009569760092106821,5.286957157634793,139.91781024336822
42701380.69725493,0.02549933286531762,0.0004943976150826777,5.306515153592225,136.35970265269287
42694164.95061602,0.02589876145303318,0.00032337832412944787,5.298606812185514,132.1748681604863
42727401.87070657,0.026455310247413478,0.0007035576893482179,5.330300296915074,129.01772700548182
42755155.7097535,0.026577170913746687,0.0011890596234968352,5.367997073641877,125.97408772706996
42799302.33306366,0.02699312387529671,0.0016907953288079704,5.414636242626698,122.20493028163921
42808671.01476758,0.026761875602796317,0.0013866344655273052,5.443133553967913,119.3692962884904
42816437.69851806,0.02636299728125219,0.0008953836868385436,5.476374335809812,115.0340560913087
42860740.67820377,0.026796350965483773,0.0009915353408511155,5.523075505542256,112.65553380846988
42918904.94541921,0.027617092407744667,0.0010562543779222449,5.570553881523023,109.85007448792469
42982247.30202884,0.028664683042115092,0.0015489396646756455,5.613184218318554,105.55093563199054
43034310.040236056,0.029334341934614677,0.0020503186344971247,5.657315565398097,101.72365623116504
43045598.723508276,0.029330963295936877,0.0019118740826384985,5.679082295208211,100.61411910653125
43060686.55937381,0.02925097670827353,0.002415729892346594,5.710486932568576,97.18607612252246
43114953.184817,0.030012027902163015,0.002920767839779056,5.7529373976991725,93.39093304276477
